<application>
  <component name="WindowManager">
    <frame x="0" y="0" width="1920" height="1080" extendedState="6" />
  </component>
  <component name="WindowStateApplicationService">
    <state x="743" y="224" width="430" height="485" key="FileChooserDialogImpl" timestamp="1733486185036">
      <screen x="0" y="0" width="1920" height="1080" />
    </state>
    <state x="743" y="224" width="430" height="485" key="FileChooserDialogImpl/1920.0.1920.1080/0.0.1920.1080" timestamp="1733486185036" />
    <state x="957" y="454" width="794" height="623" key="WELCOME_SCREEN" timestamp="1733486177451">
      <screen x="0" y="0" width="1920" height="1080" />
    </state>
    <state x="957" y="454" width="794" height="623" key="WELCOME_SCREEN/1920.0.1920.1080/0.0.1920.1080" timestamp="1733486177451" />
  </component>
</application>