<keymap version="1" name="XWin copy" parent="Default for XWin">
  <action id="$Copy">
    <keyboard-shortcut first-keystroke="ctrl c" />
    <keyboard-shortcut first-keystroke="ctrl insert" />
    <keyboard-shortcut first-keystroke="shift ctrl c" />
  </action>
  <action id="$Paste">
    <keyboard-shortcut first-keystroke="ctrl v" />
    <keyboard-shortcut first-keystroke="shift insert" />
    <keyboard-shortcut first-keystroke="shift ctrl v" />
  </action>
  <action id="Editor Copy">
    <keyboard-shortcut first-keystroke="shift ctrl c" />
  </action>
  <action id="Editor Paste">
    <keyboard-shortcut first-keystroke="shift ctrl v" />
  </action>
  <action id="EditorHungryBackSpace">
    <keyboard-shortcut first-keystroke="back_space" />
  </action>
  <action id="NextParameter">
    <keyboard-shortcut first-keystroke="shift ctrl z" />
  </action>
  <action id="NextTemplateParameter">
    <keyboard-shortcut first-keystroke="shift ctrl less" />
  </action>
  <action id="PrevTemplateParameter" />
  <action id="SwiftToggleTypeHints">
    <keyboard-shortcut first-keystroke="shift ctrl s" />
  </action>
  <action id="ToggleBookmark" />
  <action id="ToggleCompletionHintsAction">
    <keyboard-shortcut first-keystroke="shift ctrl s" />
  </action>
  <action id="ToggleDistractionFreeMode">
    <keyboard-shortcut first-keystroke="shift ctrl q" />
  </action>
  <action id="ToggleFullScreen">
    <keyboard-shortcut first-keystroke="f11" />
  </action>
  <action id="ToggleInlineHintsAction">
    <keyboard-shortcut first-keystroke="shift ctrl x" />
  </action>
</keymap>