<code_scheme name="Default" version="173">
  <option name="SOFT_MARGINS" value="79,80,120" />
  <RiderCodeStyleSettings>
    <option name="/Default/CodeStyle/CodeFormatting/CppFormatting/NAMESPACE_DECLARATION_BRACES/@EntryValue" value="END_OF_LINE_NO_SPACE" type="string" />
    <option name="/Default/CodeStyle/CodeFormatting/CppFormatting/LINKAGE_SPECIFICATION_BRACES/@EntryValue" value="END_OF_LINE_NO_SPACE" type="string" />
    <option name="/Default/CodeStyle/CodeFormatting/CppFormatting/EXPORT_DECLARATION_BRACES/@EntryValue" value="END_OF_LINE_NO_SPACE" type="string" />
    <option name="/Default/CodeStyle/CodeFormatting/CppFormatting/TYPE_DECLARATION_BRACES/@EntryValue" value="END_OF_LINE_NO_SPACE" type="string" />
    <option name="/Default/CodeStyle/CodeFormatting/CppFormatting/INVOCABLE_DECLARATION_BRACES/@EntryValue" value="END_OF_LINE_NO_SPACE" type="string" />
    <option name="/Default/CodeStyle/CodeFormatting/CppFormatting/ANONYMOUS_METHOD_DECLARATION_BRACES/@EntryValue" value="END_OF_LINE_NO_SPACE" type="string" />
    <option name="/Default/CodeStyle/CodeFormatting/CppFormatting/CASE_BLOCK_BRACES/@EntryValue" value="END_OF_LINE_NO_SPACE" type="string" />
    <option name="/Default/CodeStyle/CodeFormatting/CppFormatting/REQUIRES_EXPRESSION_BRACES/@EntryValue" value="END_OF_LINE_NO_SPACE" type="string" />
    <option name="/Default/CodeStyle/CodeFormatting/CppFormatting/OTHER_BRACES/@EntryValue" value="END_OF_LINE_NO_SPACE" type="string" />
    <option name="/Default/CodeStyle/CodeFormatting/CppFormatting/EXPRESSION_BRACES/@EntryValue" />
    <option name="/Default/CodeStyle/CodeFormatting/CppFormatting/EMPTY_BLOCK_STYLE/@EntryValue" value="TOGETHER" type="string" />
  </RiderCodeStyleSettings>
</code_scheme>